country,code,trade_openness,gdp_per_capita,democracy,region
Albania,ALB,75.382126,15948.279,0.512,Europe
Algeria,DZA,46.506844,15199.199,0.288,Africa
Angola,AGO,60.714825,9648.011,0.348,Africa
Argentina,ARG,32.630615,26629.553,0.788,South America
Armenia,ARM,97.84701,16215.36,0.793,Asia
Australia,AUS,46.001682,58048.617,0.825,Oceania
Austria,AUT,108.20728,64609.375,0.863,Europe
Azerbaijan,AZE,85.818146,20101.492,0.193,Asia
Bahrain,BHR,135.41754,56749.96,0.117,Asia
Bangladesh,BGD,31.578054,6838.326,0.251,Asia
Belarus,BLR,130.8504,26798.82,0.26,Europe
Belgium,BEL,165.46548,60479.977,0.902,Europe
Benin,BEN,63.68133,3281.1047,0.456,Africa
Bhutan,BTN,76.12352,14555.188,0.601,Asia
Bolivia,BOL,45.820972,11930.916,0.481,South America
Bosnia and Herzegovina,BIH,94.51613,16203.45,0.524,Europe
Botswana,BWA,83.09298,18106.01,0.654,Africa
Brazil,BRA,28.890259,18018.621,0.698,South America
Bulgaria,BGR,125.26042,27736.375,0.614,Europe
Burkina Faso,BFA,60.40869,2391.5364,0.657,Africa
Cambodia,KHM,115.73668,6448.885,0.195,Asia
Cameroon,CMR,43.378513,4882.3555,0.283,Africa
Canada,CAN,66.171486,57583.848,0.851,North America
Cape Verde,CPV,103.60265,9111.63,0.79,Africa
Central African Republic,CAF,50.0658,1145.0956,0.379,Africa
Chad,TCD,46.677723,2604.5315,0.273,Africa
Chile,CHL,57.611755,28218.535,0.829,South America
China,CHN,35.19942,18820.514,0.075,Asia
Colombia,COL,37.558533,17336.771,0.659,South America
Comoros,COM,42.268078,3451.4214,0.318,Africa
Congo,COG,91.57575,6939.369,0.25,Africa
Costa Rica,CRI,65.76053,23364.783,0.896,North America
Cote d'Ivoire,CIV,44.66041,5894.879,0.532,Africa
Croatia,HRV,101.39477,33419.375,0.742,Europe
Cyprus,CYP,150.50616,43249.793,0.84,Europe
Czechia,CZE,138.15462,47763.617,0.808,Europe
Democratic Republic of Congo,COD,60.914352,1394.7646,0.346,Africa
Denmark,DNK,111.89147,67131.47,0.917,Europe
Djibouti,DJI,320.93924,5809.3047,0.252,Africa
Dominican Republic,DOM,50.912983,21451.287,0.541,North America
East Timor,TLS,70.61424,5103.1494,0.699,Asia
Ecuador,ECU,48.082848,13870.489,0.618,South America
Egypt,EGY,41.124016,15026.568,0.174,Africa
El Salvador,SLV,76.042015,10543.938,0.594,North America
Equatorial Guinea,GNQ,94.87879,18446.592,0.179,Africa
Estonia,EST,140.35214,42218.96,0.898,Europe
Eswatini,SWZ,86.64079,10099.586,0.135,Africa
Ethiopia,ETH,28.815294,2437.9705,0.335,Africa
Finland,FIN,80.56415,56922.49,0.88,Europe
France,FRA,66.42898,53448.555,0.867,Europe
Gabon,GAB,73.42809,19491.406,0.382,Africa
Gambia,GMB,55.997913,2750.8213,0.526,Africa
Georgia,GEO,117.81008,18186.88,0.625,Asia
Germany,DEU,79.07324,62849.375,0.882,Europe
Ghana,GHA,76.82481,6508.2466,0.722,Africa
Greece,GRC,80.590096,33502.75,0.864,Europe
Guatemala,GTM,45.516735,11466.377,0.604,North America
Guinea,GIN,78.41531,3557.4624,0.353,Africa
Guinea-Bissau,GNB,49.943512,2442.1067,0.531,Africa
Haiti,HTI,44.568718,3392.4326,0.403,North America
Honduras,HND,99.45998,6264.019,0.368,North America
Hong Kong,HKG,353.74353,65388.332,0.301,Asia
Hungary,HUN,159.92555,37662.676,0.471,Europe
Iceland,ISL,83.792366,64826.434,0.857,Europe
India,IND,39.905403,7930.0913,0.431,Asia
Indonesia,IDN,37.627777,12757.785,0.602,Asia
Iran,IRN,48.59177,14841.075,0.182,Asia
Iraq,IRQ,68.98994,14910.225,0.391,Asia
Ireland,IRL,257.65277,96371.29,0.892,Europe
Israel,ISR,56.325348,44580.81,0.714,Asia
Italy,ITA,58.69419,49690.63,0.86,Europe
Japan,JPN,35.21642,44730.91,0.838,Asia
Jordan,JOR,85.687836,9288.527,0.261,Asia
Kazakhstan,KAZ,64.85862,33298.21,0.236,Asia
Kenya,KEN,31.759462,5171.7124,0.497,Africa
Kuwait,KWT,91.685715,51380.645,0.324,Asia
Kyrgyzstan,KGZ,94.43028,6087.602,0.446,Asia
Latvia,LVA,125.29163,35208.195,0.835,Europe
Lebanon,LBN,62.980915,15659.566,0.427,Asia
Lesotho,LSO,140.51663,2773.2864,0.627,Africa
Libya,LBY,78.99397,14337.196,0.265,Africa
Lithuania,LTU,148.375,43062.324,0.818,Europe
Luxembourg,LUX,382.66077,132724.75,0.876,Europe
Madagascar,MDG,62.601322,1707.8315,0.494,Africa
Malawi,MWI,44.195454,1687.2894,0.476,Africa
Malaysia,MYS,123.028564,31300.508,0.472,Asia
Maldives,MDV,137.12523,21855.502,0.568,Asia
Mali,MLI,53.998714,2916.1716,0.51,Africa
Malta,MLT,233.07043,50801.957,0.771,Europe
Mauritania,MRT,93.486694,6162.2104,0.404,Africa
Mauritius,MUS,127.9409,26047.975,0.697,Africa
Mexico,MEX,77.461975,21704.186,0.685,North America
Moldova,MDA,87.63224,14621.24,0.58,Europe
Mongolia,MNG,124.396515,15790.696,0.653,Asia
Montenegro,MNE,110.01612,23392.812,0.461,Europe
Morocco,MAR,75.998116,8768.176,0.258,Africa
Mozambique,MOZ,105.59117,1528.8899,0.394,Africa
Namibia,NAM,82.90115,10813.305,0.648,Africa
Nepal,NPL,49.249527,4607.5244,0.601,Asia
Netherlands,NLD,160.67667,67847.85,0.861,Europe
New Zealand,NZL,54.454296,47362.32,0.886,Oceania
Nicaragua,NIC,94.04221,6756.5938,0.217,North America
Niger,NER,37.102566,1612.6373,0.528,Africa
North Macedonia,MKD,138.57623,20711.266,0.606,Europe
Norway,NOR,70.89582,87725.73,0.892,Europe
Oman,OMN,86.4782,38292.387,0.175,Asia
Pakistan,PAK,28.905577,5295.953,0.367,Asia
Panama,PAN,80.42865,33163.727,0.731,North America
Paraguay,PRY,71.22216,15321.324,0.584,South America
Peru,PER,46.943504,15463.543,0.802,South America
Philippines,PHL,68.84184,9452.294,0.45,Asia
Poland,POL,101.58103,38181.62,0.681,Europe
Portugal,PRT,86.77099,40188.285,0.885,Europe
Qatar,QAT,90.046295,113160.836,0.04,Asia
Romania,ROU,84.906364,34634.26,0.748,Europe
Russia,RUS,49.228752,37319.32,0.263,Europe
Rwanda,RWA,57.975662,2667.4646,0.228,Africa
Saudi Arabia,SAU,56.79382,62647.73,0.015,Asia
Senegal,SEN,64.23625,4070.6123,0.7,Africa
Serbia,SRB,107.57731,20496.438,0.363,Europe
Seychelles,SYC,173.40785,34346.07,0.614,Africa
Sierra Leone,SLE,37.561954,2852.6626,0.544,Africa
Singapore,SGP,324.395,120114.13,0.405,Asia
Slovakia,SVK,183.72261,37209.535,0.844,Europe
Slovenia,SVN,160.04428,44569.586,0.812,Europe
Solomon Islands,SLB,82.998566,2661.6167,0.63,Oceania
Somalia,SOM,70.29806,1491.2949,0.151,Africa
South Africa,ZAF,53.897995,14352.67,0.721,Africa
South Korea,KOR,71.44706,49790.867,0.852,Asia
Spain,ESP,66.36623,46896.418,0.872,Europe
Sri Lanka,LKA,49.425526,14637.444,0.558,Asia
Sudan,SDN,26.119621,3625.5232,0.199,Africa
Sweden,SWE,92.75114,61601.63,0.902,Europe
Switzerland,CHE,124.12761,79596.7,0.906,Europe
Syria,SYR,41.99947,4825.4062,0.137,Asia
Tajikistan,TJK,56.045017,3649.8838,0.166,Asia
Tanzania,TZA,33.01859,3484.6326,0.385,Africa
Thailand,THA,109.689514,21277.84,0.206,Asia
Togo,TGO,56.342175,2577.516,0.399,Africa
Tunisia,TUN,102.33261,13243.902,0.721,Africa
Turkey,TUR,62.57846,28741.053,0.293,Asia
Turkmenistan,TKM,44.28576,15231.306,0.149,Asia
Uganda,UGA,39.361053,2689.4102,0.3,Africa
Ukraine,UKR,90.51124,17636.555,0.525,Europe
United Arab Emirates,ARE,163.82216,72822.97,0.103,Asia
United Kingdom,GBR,65.00356,52515.684,0.855,Europe
United States,USA,26.45376,69112.6,0.812,North America
Uruguay,URY,49.744835,30010.574,0.898,South America
Uzbekistan,UZB,64.96392,8755.126,0.202,Asia
Vanuatu,VUT,99.382965,3512.072,0.772,Oceania
Vietnam,VNM,164.70421,11628.614,0.214,Asia
Zambia,ZMB,68.79121,3591.5642,0.36,Africa
Zimbabwe,ZWE,46.106544,4993.8438,0.292,Africa
