country,code,trade_openness,gdp_per_capita,population,urban_pct,democracy,region,log_gdp_pc,log_population
Albania,ALB,75.382126,15948.279,2885011,56.76391,0.512,Europe,9.67710620270488,14.875039270742025
Algeria,DZA,46.506844,15199.199,43294551,72.48245,0.288,Africa,9.628998008077392,17.58353734209771
American Samoa,ASM,156.56877,NA,50230,83.054214,NA,NA,NA,10.82436773674409
Angola,AGO,60.714825,9648.011,32375633,66.66378,0.348,Africa,9.174507059098987,17.292916629916387
Antigua and Barbuda,ATG,137.53778,29651.863,91377,24.708338,NA,NA,10.297280235504235,11.422749084637442
Argentina,ARG,32.630615,26629.553,44973469,91.85678,0.788,South America,10.189776893086925,17.621583296087493
Armenia,ARM,97.84701,16215.36,2903975,65.0047,0.793,Asia,9.69371422016009,14.881591046074341
Aruba,ABW,137.96193,39652.633,107089,62.288277,NA,NA,10.587912630911173,11.581415543411271
Australia,AUS,46.001682,58048.617,25482714,87.30196,0.825,Oceania,10.969036162552829,17.053510897909582
Austria,AUT,108.20728,64609.375,8880876,68.317604,0.863,Europe,11.076114803080257,15.999410758751543
Azerbaijan,AZE,85.818146,20101.492,10110483,58.130817,0.193,Asia,9.908549320148063,16.129083364336203
Bahamas,BHS,68.78662,33202.49,394684,81.825745,NA,NA,10.41038015209222,12.885840723712489
Bahrain,BHR,135.41754,56749.96,1485675,100,0.117,Asia,10.946410230497586,14.211379772398992
Bangladesh,BGD,31.578054,6838.326,164913060,30.82284,0.251,Asia,8.830298243821543,18.92092898390857
Belarus,BLR,130.8504,26798.82,9435415,77.45508,0.26,Europe,10.196113135678859,16.0599807209791
Belgium,BEL,165.46548,60479.977,11490623,87.09616,0.902,Europe,11.010067630562338,16.257041869416824
Belize,BLZ,102.44186,11765.975,385833,42.90776,NA,NA,9.372967170655869,12.863159912343157
Benin,BEN,63.68133,3281.1047,12726760,48.71255,0.456,Africa,8.0959354434547,16.35921742124943
Bermuda,BMU,77.560104,95519.92,64130,100,NA,NA,11.46709009110514,11.068667552142909
Bhutan,BTN,76.12352,14555.188,764830,39.074684,0.601,Asia,9.585702772619838,13.547408865891434
Bolivia,BOL,45.820972,11930.916,11671386,69.7335,0.481,South America,9.38688829336824,16.272650763277447
Bosnia and Herzegovina,BIH,94.51613,16203.45,3345532,49.465042,0.524,Europe,9.692979461510046,15.023136282246695
Botswana,BWA,83.09298,18106.01,2332082,66.32717,0.654,Africa,9.803999206338338,14.662271988784575
Brazil,BRA,28.890259,18018.621,207455459,86.6798,0.698,South America,9.799161002151928,19.15042721917157
Brunei,BRN,108.50966,80228.16,442690,74.79233,NA,NA,11.292629854420147,13.000625029804612
Bulgaria,BGR,125.26042,27736.375,6975466,73.71623,0.614,Europe,10.230500007608043,15.757909693475854
Burkina Faso,BFA,60.40869,2391.5364,20961956,26.118725,0.657,Africa,7.779691283577382,16.858219733673707
Cambodia,KHM,115.73668,6448.885,16481305,39.583023,0.195,Asia,8.771662526629331,16.617737266203687
Cameroon,CMR,43.378513,4882.3555,25506095,53.94879,0.283,Africa,8.493383066818767,17.05442800117586
Canada,CAN,66.171486,57583.848,37782934,81.73637,0.851,North America,10.96099739069321,17.447368077159883
Cape Verde,CPV,103.60265,9111.63,514116,71.62543,0.79,Africa,9.117306898508025,13.150204199909043
Cayman Islands,CYM,114.83854,77476.84,67346,100,NA,NA,11.257734331970576,11.117598788834988
Central African Republic,CAF,50.0658,1145.0956,4944708,41.780045,0.379,Africa,7.043243405952738,15.413828471750461
Chad,TCD,46.677723,2604.5315,16685223,24.273106,0.273,Africa,7.865008091564019,16.630034035376468
Chile,CHL,57.611755,28218.535,19197748,88.127365,0.829,South America,10.247734310522752,16.770303538452136
China,CHN,35.19942,18820.514,1423520357,62.709915,0.075,Asia,9.842702724137304,21.076398765247482
Colombia,COL,37.558533,17336.771,49907987,77.45956,0.659,South America,9.760585016154348,17.725691608033735
Comoros,COM,42.268078,3451.4214,786582,31.728758,0.318,Africa,8.146541425176709,13.575452255422825
Congo,COG,91.57575,6939.369,5616656,63.51764,0.25,Africa,8.844966127176976,15.541247026982939
Costa Rica,CRI,65.76053,23364.783,4999549,77.04359,0.896,North America,10.05898516769572,15.42485826633011
Cote d'Ivoire,CIV,44.66041,5894.879,28193014,51.35148,0.532,Africa,8.681839286891432,17.15458477472162
Croatia,HRV,101.39477,33419.375,3986338,56.30325,0.742,Europe,10.416891100598091,15.198383572948593
Cuba,CUB,22.82089,NA,11202847,77.07282,0.181,North America,NA,16.231678500391457
Cyprus,CYP,150.50616,43249.793,1286669,66.76774,0.84,Europe,10.674747726221405,14.067567266242762
Czechia,CZE,138.15462,47763.617,10554872,72.78764,0.808,Europe,10.774019478029718,16.172098112236977
Democratic Republic of Congo,COD,60.914352,1394.7646,92947450,42.87471,0.346,Africa,7.240480934496626,18.347544837651046
Denmark,DNK,111.89147,67131.47,5814618,88.20965,0.917,Europe,11.114408214503262,15.575885649601668
Djibouti,DJI,320.93924,5809.3047,1088710,71.74181,0.252,Africa,8.66721616970695,13.90050406709392
Dominican Republic,DOM,50.912983,21451.287,10894043,73.540344,0.541,North America,9.973539922556235,16.203726684044828
East Timor,TLS,70.61424,5103.1494,1300946,29.114876,0.699,Asia,8.537613157531355,14.078602250099786
Ecuador,ECU,48.082848,13870.489,17340017,63.062714,0.618,South America,9.53751876863549,16.668527509708348
Egypt,EGY,41.124016,15026.568,107553159,42.4812,0.174,Africa,9.617575113359344,18.49349578563159
El Salvador,SLV,76.042015,10543.938,6222316,72.414894,0.594,North America,9.263306376603605,15.643652742678203
Equatorial Guinea,GNQ,94.87879,18446.592,1670184,70.11754,0.179,Africa,9.822634916959519,14.328444357964326
Estonia,EST,140.35214,42218.96,1326822,69.57874,0.898,Europe,10.650624688223504,14.098297167165683
Eswatini,SWZ,86.64079,10099.586,1179885,24.345955,0.135,Africa,9.220249711890224,13.980927534065426
Ethiopia,ETH,28.815294,2437.9705,115737384,21.24867,0.335,Africa,7.798921209885976,18.566834251469874
Faroe Islands,FRO,108.623245,68134.03,51868,38.394566,NA,NA,11.129232073640225,10.856457308668775
Finland,FIN,80.56415,56922.49,5521754,72.74312,0.88,Europe,10.949445796854848,15.524206121403475
France,FRA,66.42898,53448.555,65729460,78.68908,0.867,Europe,10.886474881475962,18.001057784779267
French Polynesia,PYF,63.306114,NA,279040,61.782413,NA,NA,NA,12.539110419702752
Gabon,GAB,73.42809,19491.406,2267711,89.90318,0.382,Africa,9.877728929458423,14.634281510666428
Gambia,GMB,55.997913,2750.8213,2456847,61.64321,0.526,Africa,7.91965480061768,14.714389378502123
Georgia,GEO,117.81008,18186.88,3796722,58.63041,0.625,Asia,9.808455733985713,15.149648620836937
Germany,DEU,79.07324,62849.375,83559184,81.3054,0.882,Europe,11.048496269657095,18.241065729166948
Ghana,GHA,76.82481,6508.2466,31258943,55.72463,0.722,Africa,8.780825359446498,17.257816069206143
Greece,GRC,80.590096,33502.75,10718581,78.18881,0.864,Europe,10.419382803996234,16.187489335442343
Greenland,GRL,92.19075,68534.945,56109,87.02179,NA,NA,11.135099040155493,10.93505150645111
Guam,GUM,78.064514,NA,161819,94.07998,NA,NA,NA,11.99423370563689
Guatemala,GTM,45.516735,11466.377,17103803,54.18823,0.604,North America,9.347174292746393,16.654811394407012
Guinea,GIN,78.41531,3557.4624,13034349,36.128155,0.353,Africa,8.176802760688195,16.383098661639973
Guinea-Bissau,GNB,49.943512,2442.1067,1967704,43.874557,0.531,Africa,7.800616347409802,14.492377938778079
Haiti,HTI,44.568718,3392.4326,11105165,52.006905,0.403,North America,8.129302524157207,16.222920873372278
Honduras,HND,99.45998,6264.019,9943637,56.379158,0.368,North America,8.742577270871658,16.112443407081603
Hong Kong,HKG,353.74353,65388.332,7485817,100,0.301,Asia,11.088099111742439,15.828520721515867
Hungary,HUN,159.92555,37662.676,9770346,70.45653,0.471,Europe,10.536424856510944,16.094862437926174
Iceland,ISL,83.792366,64826.434,360709,93.97708,0.857,Europe,11.079468731257453,12.795826818063574
India,IND,39.905403,7930.0913,1389030307,33.813957,0.431,Asia,8.978419827803474,21.051871719775036
Indonesia,IDN,37.627777,12757.785,272489381,55.738205,0.602,Asia,9.453896952488714,19.42311020250093
Iran,IRN,48.59177,14841.075,87051649,75.20389,0.182,Asia,9.605153953450868,18.282012167135182
Iraq,IRQ,68.98994,14910.225,41192172,69.86834,0.391,Asia,9.609802498188182,17.533758796267467
Ireland,IRL,257.65277,96371.29,4933493,63.2737,0.892,Europe,11.47596361466422,15.411557814407368
Israel,ISR,56.325348,44580.81,8657466,91.6154,0.714,Asia,10.705058776357568,15.973932628020277
Italy,ITA,58.69419,49690.63,60130136,69.505005,0.86,Europe,10.813571663123358,17.912021704779367
Japan,JPN,35.21642,44730.91,126699421,91.71642,0.838,Asia,10.708420040507901,18.657328075430886
Jordan,JOR,85.687836,9288.527,10671893,91.51597,0.261,Asia,9.136535261647495,16.183124020850396
Kazakhstan,KAZ,64.85862,33298.21,19209556,59.08325,0.236,Asia,10.413258920769996,16.77091842151563
Kenya,KEN,31.759462,5171.7124,51202829,31.189556,0.497,Africa,8.55095913123038,17.751305342389546
Kiribati,KIR,98.31404,2927.4846,123928,56.28467,NA,NA,7.981898834996891,11.727456030786199
Kuwait,KWT,91.685715,51380.645,4442201,100,0.324,Asia,10.84701682410785,15.306660532300203
Kyrgyzstan,KGZ,94.43028,6087.602,6494036,34.88052,0.446,Asia,8.714009522897289,15.686394775208251
Latvia,LVA,125.29163,35208.195,1914267,68.06632,0.835,Europe,10.469034146989564,14.464845339698638
Lebanon,LBN,62.980915,15659.566,5794601,89.49867,0.427,Asia,9.65883725523994,15.572437179926533
Lesotho,LSO,140.51663,2773.2864,2209414,38.60409,0.627,Africa,7.927788321927024,14.608237879962198
Libya,LBY,78.99397,14337.196,6951040,87.822014,0.265,Africa,9.570612558074213,15.754401846633753
Lithuania,LTU,148.375,43062.324,2795057,67.245735,0.818,Europe,10.670403740664934,14.84336305792332
Luxembourg,LUX,382.66077,132724.75,620167,93.25899,0.876,Europe,11.796032713856201,13.337744075590482
Macao,MAC,115.2313,133453.89,670982,100,NA,NA,11.801511303902025,13.416497589960622
Madagascar,MDG,62.601322,1707.8315,28219559,30.304697,0.494,Africa,7.442979716086164,17.155525877052096
Malawi,MWI,44.195454,1687.2894,19025748,16.138374,0.476,Africa,7.430878614958517,16.76130377762771
Malaysia,MYS,123.028564,31300.508,33440590,74.83777,0.472,Asia,10.351389606428487,17.3252809895658
Maldives,MDV,137.12523,21855.502,487737,40.04928,0.568,Asia,9.9922079766058,13.097531605131698
Mali,MLI,53.998714,2916.1716,21068405,28.352072,0.51,Africa,7.978026939133715,16.863285082867517
Malta,MLT,233.07043,50801.957,504017,94.933205,0.771,Europe,10.835690156446605,13.130365276643387
Marshall Islands,MHL,153.00774,6405.0757,44030,76.94227,NA,NA,8.764846033152484,10.6926264987498
Mauritania,MRT,93.486694,6162.2104,4467714,56.05962,0.404,Africa,8.726190823331889,15.312387426379392
Mauritius,MUS,127.9409,26047.975,1286269,39.25095,0.697,Africa,10.16769530903522,14.067256337644231
Mexico,MEX,77.461975,21704.186,125762978,78.35599,0.685,North America,9.985260424150923,18.64990956639025
Micronesia (country),FSM,95.68528,3940.2644,110293,22.359245,NA,NA,8.279003106639417,11.610895739945756
Moldova,MDA,87.63224,14621.24,3112561,40.77229,0.58,Europe,9.59023054502863,14.950956417956629
Mongolia,MNG,124.396515,15790.696,3232118,67.82773,0.653,Asia,9.667176184808973,14.988648207857644
Montenegro,MNE,110.01612,23392.812,611671,65.16868,0.461,Europe,10.060184074669332,13.323949835246268
Morocco,MAR,75.998116,8768.176,36210907,61.843044,0.258,Africa,9.078884081979037,17.404870929757312
Mozambique,MOZ,105.59117,1528.8899,29884378,33.417725,0.394,Africa,7.332297195488106,17.212846426906946
Namibia,NAM,82.90115,10813.305,2650499,48.00198,0.648,Africa,9.28853259933586,14.790258482122622
Nauru,NRU,155.9067,11183.096,11609,100,NA,NA,9.322158631449895,9.359535938338036
Nepal,NPL,49.249527,4607.5244,28414066,65.9874,0.601,Asia,8.435445985243467,17.162394862210082
Netherlands,NLD,160.67667,67847.85,17537505,93.8898,0.861,Europe,11.125022977214897,16.679852288496164
New Caledonia,NCL,58.210365,NA,283616,67.15747,NA,NA,NA,12.555376489538125
New Zealand,NZL,54.454296,47362.32,4989410,83.80496,0.886,Oceania,10.765582254844576,15.422828224264272
Nicaragua,NIC,94.04221,6756.5938,6483660,58.540565,0.217,North America,8.818274166309324,15.684795723695421
Niger,NER,37.102566,1612.6373,22947765,16.813147,0.528,Africa,7.385626192331925,16.948731104107626
North Macedonia,MKD,138.57623,20711.266,1897643,60.628685,0.606,Europe,9.938433082410217,14.456123147731166
Northern Mariana Islands,MNP,104.74979,NA,48154,91.61629,NA,NA,NA,10.782159487503774
Norway,NOR,70.89582,87725.73,5347733,82.49359,0.892,Europe,11.381970521875898,15.492183290751981
Oman,OMN,86.4782,38292.387,4591248,79.578,0.175,Asia,10.553006382564844,15.339662440504702
Pakistan,PAK,28.905577,5295.953,230800908,37.10916,0.367,Asia,8.574698222955108,19.257066026732595
Palau,PLW,115.461975,19519.018,17821,79.28038,NA,NA,9.879144551324575,9.7881328161731
Palestine,PSE,68.99349,6269.891,4957773,85.813614,NA,NA,8.743514249105841,15.416467205938567
Panama,PAN,80.42865,33163.727,4234698,65.75298,0.731,North America,10.409211997384594,15.258822573017902
Paraguay,PRY,71.22216,15321.324,6515059,64.98453,0.584,South America,9.637000862536834,15.689626824524636
Peru,PER,46.943504,15463.543,32449302,83.1033,0.802,South America,9.64624046794243,17.29518949086762
Philippines,PHL,68.84184,9452.294,110804685,53.715786,0.45,Asia,9.154012742351204,18.523279614777042
Poland,POL,101.58103,38181.62,38225884,59.96262,0.681,Europe,10.55010952697152,17.459023435738285
Portugal,PRT,86.77099,40188.285,10343218,61.114925,0.885,Europe,10.601330814226214,16.15184159719477
Puerto Rico,PRI,107.57146,41656.33,3288027,93.95199,NA,NA,10.637208616839395,15.005798246803325
Qatar,QAT,90.046295,113160.836,2797927,99.11917,0.04,Asia,11.636565413157744,14.844389343802881
Romania,ROU,84.906364,34634.26,19501542,52.893185,0.748,Europe,10.452598644557892,16.786004097330636
Russia,RUS,49.228752,37319.32,146533063,74.622284,0.263,Europe,10.527266434002138,18.802761646964967
Rwanda,RWA,57.975662,2667.4646,12776102,22.971102,0.228,Africa,7.888883712234992,16.36308695256459
Samoa,WSM,83.331085,7033.521,209794,18.414734,NA,NA,8.858442712904532,12.25388137586999
San Marino,SMR,307.26477,60171.047,34674,97.1,NA,NA,11.00494656876103,10.453745405545833
Saudi Arabia,SAU,56.79382,62647.73,30472809,83.639465,0.015,Asia,11.045282726627079,17.23234533575114
Senegal,SEN,64.23625,4070.6123,16352926,49.944332,0.7,Africa,8.31154870938178,16.60991739954071
Serbia,SRB,107.57731,20496.438,6966155,61.049225,0.363,Europe,9.928006393931598,15.75657398059364
Seychelles,SYC,173.40785,34346.07,117662,44.00493,0.614,Africa,10.444242880624767,11.675571386404187
Sierra Leone,SLE,37.561954,2852.6626,7731994,42.701843,0.544,Africa,7.956008082740915,15.860877343314197
Singapore,SGP,324.395,120114.13,5669562,100,0.405,Asia,11.69619765310433,15.550622424042853
Slovakia,SVK,183.72261,37209.535,5450627,53.366657,0.844,Europe,10.524320324621897,15.511241205893718
Slovenia,SVN,160.04428,44569.586,2083438,55.452328,0.812,Europe,10.704806977138206,14.549529971782489
Solomon Islands,SLB,82.998566,2661.6167,728156,27.275106,0.63,Oceania,7.886688999105983,13.498270589937205
Somalia,SOM,70.29806,1491.2949,16030969,51.642117,0.151,Africa,7.307400081927846,16.59003297191659
South Africa,ZAF,53.897995,14352.67,59587880,63.412727,0.721,Africa,9.571691266598016,17.902962755651306
South Korea,KOR,71.44706,49790.867,51767844,81.29011,0.852,Asia,10.81558685261979,17.7622797422701
Spain,ESP,66.36623,46896.418,47435121,79.63498,0.872,Europe,10.755696576251108,17.67487346166493
Sri Lanka,LKA,49.425526,14637.444,22410552,19.494633,0.558,Asia,9.591338182108732,16.925042477334525
Sudan,SDN,26.119621,3625.5232,45548179,34.472767,0.199,Africa,8.195753887908536,17.634281202824994
Sweden,SWE,92.75114,61601.63,10279120,87.70884,0.902,Europe,11.028443610210484,16.1456252112143
Switzerland,CHE,124.12761,79596.7,8577525,80.77929,0.906,Europe,11.284727913686664,15.964655968312652
Syria,SYR,41.99947,4825.4062,20353536,73.82488,0.137,Asia,8.481650196758096,16.828765213972254
Tajikistan,TJK,56.045017,3649.8838,9529970,26.130074,0.166,Asia,8.202450610453335,16.0699521276716
Tanzania,TZA,33.01859,3484.6326,59174889,33.347527,0.385,Africa,8.156117894394736,17.89600783757042
Thailand,THA,109.689514,21277.84,71522264,55.926617,0.206,Asia,9.965421434544327,18.085519343809494
Togo,TGO,56.342175,2577.516,8463070,41.445732,0.399,Africa,7.854581423437319,15.95122254991663
Tonga,TON,88.04539,6858.839,105688,22.328815,NA,NA,8.833293464414384,11.56824663655819
Tunisia,TUN,102.33261,13243.902,11875084,68.82064,0.721,Africa,9.491292499062594,16.28995298154417
Turkey,TUR,62.57846,28741.053,85357670,88.66181,0.293,Asia,10.266081797792728,18.262360868427773
Turkmenistan,TKM,44.28576,15231.306,6803943,47.049458,0.149,Asia,9.631108194018378,15.733012855037755
Uganda,UGA,39.361053,2689.4102,42999636,27.836979,0.3,Africa,7.897077192050086,17.57670220850573
Ukraine,UKR,90.51124,17636.555,44957451,69.35277,0.525,Europe,9.777729015703692,17.621227067102637
United Arab Emirates,ARE,163.82216,72822.97,9377855,85.02982,0.103,Asia,11.195786706396207,16.053861616793217
United Kingdom,GBR,65.00356,52515.684,67110958,82.669945,0.855,Europe,10.868867146822096,18.021857897103313
United States,USA,26.45376,69112.6,337790069,80.13048,0.812,North America,11.143492337561401,19.63793516285312
United States Virgin Islands,VIR,155.42345,45632.637,89390,95.08575,NA,NA,10.728378463178638,11.400764098081899
Uruguay,URY,49.744835,30010.574,3397206,95.34793,0.898,South America,10.309305065209175,15.038463887046799
Uzbekistan,UZB,64.96392,8755.126,32964700,50.59201,0.202,Asia,9.077394636392519,17.310947849926926
Vanuatu,VUT,99.382965,3512.072,291995,23.502466,0.772,Oceania,8.163961455683815,12.584491957816143
Venezuela,VEN,58.12929,NA,28938096,89.10301,0.208,South America,NA,17.18066948571094
Vietnam,VNM,164.70421,11628.614,97173778,34.623913,0.214,Asia,9.361224063862277,18.392011459372657
Zambia,ZMB,68.79121,3591.5642,18513839,43.489788,0.36,Africa,8.186343096894559,16.73402906444963
Zimbabwe,ZWE,46.106544,4993.8438,15271377,36.183765,0.292,Africa,8.515961192817526,16.54149084994642
