country,code,year,trade_openness,gdp_per_capita,population,labour_productivity,schooling,democracy,region,urban_pct,life_expectancy,log_gdp_pc,log_population,log_productivity
Albania,ALB,2019,75.382126,15948.279,2885011,16.41217,10.32,0.512,Europe,56.76391,79.4669,9.67710620270488,14.875039270742025,2.7980231328007266
Algeria,DZA,2019,46.506844,15199.199,43294551,23.577648,8.18,0.288,Africa,72.48245,75.6818,9.628998008077392,17.58353734209771,3.160299144587233
American Samoa,ASM,2019,156.56877,NA,50230,NA,NA,NA,NA,83.054214,72.7511,NA,10.82436773674409,NA
Angola,AGO,2019,60.714825,9648.011,32375633,7.9655814,NA,0.348,Africa,66.66378,63.0511,9.174507059098987,17.292916629916387,2.0751299350483365
Antigua and Barbuda,ATG,2019,137.53778,29651.863,91377,NA,NA,NA,NA,24.708338,77.1681,10.297280235504235,11.422749084637442,NA
Argentina,ARG,2019,32.630615,26629.553,44973469,33.71197,9.86,0.788,South America,91.85678,76.8475,10.189776893086925,17.621583296087493,3.5178529671705974
Armenia,ARM,2019,97.84701,16215.36,2903975,24.245123,10.54,0.793,Asia,65.0047,75.1931,9.69371422016009,14.881591046074341,3.1882154837554184
Aruba,ABW,2019,137.96193,39652.633,107089,NA,NA,NA,NA,62.288277,76.0193,10.587912630911173,11.581415543411271,NA
Australia,AUS,2019,46.001682,58048.617,25482714,71.46591,12.93,0.825,Oceania,87.30196,83.2412,10.969036162552829,17.053510897909582,4.26922055278592
Austria,AUT,2019,108.20728,64609.375,8880876,81.325676,10.39,0.863,Europe,68.317604,81.9072,11.076114803080257,15.999410758751543,4.398461784651951
Azerbaijan,AZE,2019,85.818146,20101.492,10110483,21.091812,NA,0.193,Asia,58.130817,73.29,9.908549320148063,16.129083364336203,3.04888490829643
Bahamas,BHS,2019,68.78662,33202.49,394684,NA,NA,NA,NA,81.825745,71.4084,10.41038015209222,12.885840723712489,NA
Bahrain,BHR,2019,135.41754,56749.96,1485675,55.19671,8.21,0.117,Asia,100,80.4706,10.946410230497586,14.211379772398992,4.0109033500575375
Bangladesh,BGD,2019,31.578054,6838.326,164913060,6.474508,7.23,0.251,Asia,30.82284,72.6254,8.830298243821543,18.92092898390857,1.8678726201426443
Belarus,BLR,2019,130.8504,26798.82,9435415,30.700844,NA,0.26,Europe,77.45508,74.2555,10.196113135678859,16.0599807209791,3.424290146071935
Belgium,BEL,2019,165.46548,60479.977,11490623,79.80308,11.57,0.902,Europe,87.09616,81.8353,11.010067630562338,16.257041869416824,4.379562100202166
Belize,BLZ,2019,102.44186,11765.975,385833,NA,10.71,NA,NA,42.90776,72.5766,9.372967170655869,12.863159912343157,NA
Benin,BEN,2019,63.68133,3281.1047,12726760,NA,6.27,0.456,Africa,48.71255,59.8875,8.0959354434547,16.35921742124943,NA
Bermuda,BMU,2019,77.560104,95519.92,64130,NA,NA,NA,NA,100,81.2507,11.46709009110514,11.068667552142909,NA
Bhutan,BTN,2019,76.12352,14555.188,764830,NA,NA,0.601,Asia,39.074684,72.0049,9.585702772619838,13.547408865891434,NA
Bolivia,BOL,2019,45.820972,11930.916,11671386,9.550994,9.06,0.481,South America,69.7335,67.8198,9.38688829336824,16.272650763277447,2.2566452328459325
Bosnia and Herzegovina,BIH,2019,94.51613,16203.45,3345532,35.82757,NA,0.524,Europe,49.465042,77.3939,9.692979461510046,15.023136282246695,3.5787177087546147
Botswana,BWA,2019,83.09298,18106.01,2332082,16.990244,10.58,0.654,Africa,66.32717,67.1668,9.803999206338338,14.662271988784575,2.832639296969769
Brazil,BRA,2019,28.890259,18018.621,207455459,19.152273,8,0.698,South America,86.6798,75.8093,9.799161002151928,19.15042721917157,2.9524214030999896
Brunei,BRN,2019,108.50966,80228.16,442690,NA,9.28,NA,NA,74.79233,75.049,11.292629854420147,13.000625029804612,NA
Bulgaria,BGR,2019,125.26042,27736.375,6975466,30.631517,10.75,0.614,Europe,73.71623,75.0874,10.230500007608043,15.757909693475854,3.4220294462261824
Burkina Faso,BFA,2019,60.40869,2391.5364,20961956,2.7873802,NA,0.657,Africa,26.118725,60.1842,7.779691283577382,16.858219733673707,1.0251021582841993
Cambodia,KHM,2019,115.73668,6448.885,16481305,5.0023537,5.81,0.195,Asia,39.583023,70.1267,8.771662526629331,16.617737266203687,1.6099085416707857
Cameroon,CMR,2019,43.378513,4882.3555,25506095,6.166249,7.37,0.283,Africa,53.94879,61.6952,8.493383066818767,17.05442800117586,1.819090711392678
Canada,CAN,2019,66.171486,57583.848,37782934,60.960705,12.93,0.851,North America,81.73637,82.2848,10.96099739069321,17.447368077159883,4.110229476272147
Cape Verde,CPV,2019,103.60265,9111.63,514116,NA,NA,0.79,Africa,71.62543,75.4486,9.117306898508025,13.150204199909043,NA
Cayman Islands,CYM,2019,114.83854,77476.84,67346,NA,NA,NA,NA,100,79.0516,11.257734331970576,11.117598788834988,NA
Central African Republic,CAF,2019,50.0658,1145.0956,4944708,NA,4.64,0.379,Africa,41.780045,31.5302,7.043243405952738,15.413828471750461,NA
Chad,TCD,2019,46.677723,2604.5315,16685223,4.731496,NA,0.273,Africa,24.273106,52.9927,7.865008091564019,16.630034035376468,1.5542414315679276
Chile,CHL,2019,57.611755,28218.535,19197748,31.90617,10.74,0.829,South America,88.127365,80.3243,10.247734310522752,16.770303538452136,3.462799408016056
China,CHN,2019,35.19942,18820.514,1423520357,14.174832,8.99,0.075,Asia,62.709915,77.9396,9.842702724137304,21.076398765247482,2.6514679976917304
Colombia,COL,2019,37.558533,17336.771,49907987,15.812911,10.2,0.659,South America,77.45956,76.7927,9.760585016154348,17.725691608033735,2.760826758244812
Comoros,COM,2019,42.268078,3451.4214,786582,NA,NA,0.318,Africa,31.728758,65.6622,8.146541425176709,13.575452255422825,NA
Congo,COG,2019,91.57575,6939.369,5616656,7.592559,6.74,0.25,Africa,63.51764,63.1523,8.844966127176976,15.541247026982939,2.0271686887340477
Costa Rica,CRI,2019,65.76053,23364.783,4999549,25.819515,9.12,0.896,North America,77.04359,80.2963,10.05898516769572,15.42485826633011,3.2511306013536183
Cote d'Ivoire,CIV,2019,44.66041,5894.879,28193014,7.540033,6.05,0.532,Africa,51.35148,60.2741,8.681839286891432,17.15458477472162,2.0202265586681123
Croatia,HRV,2019,101.39477,33419.375,3986338,38.796227,12.03,0.742,Europe,56.30325,78.197,10.416891100598091,15.198383572948593,3.658322999632851
Cuba,CUB,2019,22.82089,NA,11202847,NA,11.61,0.181,North America,77.07282,77.4133,NA,16.231678500391457,NA
Cyprus,CYP,2019,150.50616,43249.793,1286669,48.435753,12.42,0.84,Europe,66.76774,81.4543,10.674747726221405,14.067567266242762,3.880238239366358
Czechia,CZE,2019,138.15462,47763.617,10554872,49.792152,12.93,0.808,Europe,72.78764,79.1853,10.774019478029718,16.172098112236977,3.9078573812504955
Democratic Republic of Congo,COD,2019,60.914352,1394.7646,92947450,1.805877,4.85,0.346,Africa,42.87471,60.2425,7.240480934496626,18.347544837651046,0.5910463463631611
Denmark,DNK,2019,111.89147,67131.47,5814618,85.80067,11.69,0.917,Europe,88.20965,81.4343,11.114408214503262,15.575885649601668,4.452026815321236
Djibouti,DJI,2019,320.93924,5809.3047,1088710,NA,NA,0.252,Africa,71.74181,64.3809,8.66721616970695,13.90050406709392,NA
Dominican Republic,DOM,2019,50.912983,21451.287,10894043,20.977322,9.04,0.541,North America,73.540344,73.1119,9.973539922556235,16.203726684044828,3.0434419494442375
East Timor,TLS,2019,70.61424,5103.1494,1300946,NA,NA,0.699,Asia,29.114876,66.4964,8.537613157531355,14.078602250099786,NA
Ecuador,ECU,2019,48.082848,13870.489,17340017,18.040695,9.07,0.618,South America,63.062714,77.2862,9.53751876863549,16.668527509708348,2.892630039391281
Egypt,EGY,2019,41.124016,15026.568,107553159,25.790623,8.01,0.174,Africa,42.4812,71.2128,9.617575113359344,18.49349578563159,3.2500109762513505
El Salvador,SLV,2019,76.042015,10543.938,6222316,NA,8.1,0.594,North America,72.414894,71.7253,9.263306376603605,15.643652742678203,NA
Equatorial Guinea,GNQ,2019,94.87879,18446.592,1670184,NA,NA,0.179,Africa,70.11754,62.2965,9.822634916959519,14.328444357964326,NA
Estonia,EST,2019,140.35214,42218.96,1326822,47.559307,12.29,0.898,Europe,69.57874,78.7728,10.650624688223504,14.098297167165683,3.8619775006482975
Eswatini,SWZ,2019,86.64079,10099.586,1179885,NA,6.46,0.135,Africa,24.345955,59.8496,9.220249711890224,13.980927534065426,NA
Ethiopia,ETH,2019,28.815294,2437.9705,115737384,3.4065216,NA,0.335,Africa,21.24867,65.7413,7.798921209885976,18.566834251469874,1.2256917120305053
Faroe Islands,FRO,2019,108.623245,68134.03,51868,NA,NA,NA,NA,38.394566,79.9058,11.129232073640225,10.856457308668775,NA
Finland,FIN,2019,80.56415,56922.49,5521754,69.871284,11.05,0.88,Europe,72.74312,81.8643,10.949445796854848,15.524206121403475,4.246654749381335
France,FRA,2019,66.42898,53448.555,65729460,80.23372,11.89,0.867,Europe,78.68908,82.7304,10.886474881475962,18.001057784779267,4.384943875386412
French Polynesia,PYF,2019,63.306114,NA,279040,NA,NA,NA,NA,61.782413,83.1955,NA,12.539110419702752,NA
Gabon,GAB,2019,73.42809,19491.406,2267711,29.801157,10.18,0.382,Africa,89.90318,67.3369,9.877728929458423,14.634281510666428,3.394547218261024
Gambia,GMB,2019,55.997913,2750.8213,2456847,NA,4.92,0.526,Africa,61.64321,64.4275,7.91965480061768,14.714389378502123,NA
Georgia,GEO,2019,117.81008,18186.88,3796722,38.052338,NA,0.625,Asia,58.63041,74.1649,9.808455733985713,15.149648620836937,3.6389625278864908
Germany,DEU,2019,79.07324,62849.375,83559184,81.118675,13.1,0.882,Europe,81.3054,81.1893,11.048496269657095,18.241065729166948,4.395913205883045
Ghana,GHA,2019,76.82481,6508.2466,31258943,8.805693,8.39,0.722,Africa,55.72463,64.4554,8.780825359446498,17.257816069206143,2.1753984441321617
Greece,GRC,2019,80.590096,33502.75,10718581,35.219307,11.86,0.864,Europe,78.18881,81.3487,10.419382803996234,16.187489335442343,3.561594426554206
Greenland,GRL,2019,92.19075,68534.945,56109,NA,NA,NA,NA,87.02179,70.2573,11.135099040155493,10.93505150645111,NA
Guam,GUM,2019,78.064514,NA,161819,NA,NA,NA,NA,94.07998,76.6453,NA,11.99423370563689,NA
Guatemala,GTM,2019,45.516735,11466.377,17103803,11.980206,6.26,0.604,North America,54.18823,71.6394,9.347174292746393,16.654811394407012,2.483255787865008
Guinea,GIN,2019,78.41531,3557.4624,13034349,NA,NA,0.353,Africa,36.128155,59.3785,8.176802760688195,16.383098661639973,NA
Guinea-Bissau,GNB,2019,49.943512,2442.1067,1967704,NA,NA,0.531,Africa,43.874557,62.1612,7.800616347409802,14.492377938778079,NA
Haiti,HTI,2019,44.568718,3392.4326,11105165,NA,5.95,0.403,North America,52.006905,64.3281,8.129302524157207,16.222920873372278,NA
Honduras,HND,2019,99.45998,6264.019,9943637,NA,7.51,0.368,North America,56.379158,72.1238,8.742577270871658,16.112443407081603,NA
Hong Kong,HKG,2019,353.74353,65388.332,7485817,50.8363,12.83,0.301,Asia,100,85.2632,11.088099111742439,15.828520721515867,3.9286106663321774
Hungary,HUN,2019,159.92555,37662.676,9770346,40.447044,11.96,0.471,Europe,70.45653,76.4546,10.536424856510944,16.094862437926174,3.6999935629602643
Iceland,ISL,2019,83.792366,64826.434,360709,69.40397,13.53,0.857,Europe,93.97708,82.8474,11.079468731257453,12.795826818063574,4.239944070487589
India,IND,2019,39.905403,7930.0913,1389030307,7.462654,7.8,0.431,Asia,33.813957,70.7463,8.978419827803474,21.051871719775036,2.0099111150217035
Indonesia,IDN,2019,37.627777,12757.785,272489381,13.153089,9.06,0.602,Asia,55.738205,70.3491,9.453896952488714,19.42311020250093,2.576656635980893
Iran,IRN,2019,48.59177,14841.075,87051649,21.21639,9.8,0.182,Asia,75.20389,76.8549,9.605153953450868,18.282012167135182,3.0547739961874396
Iraq,IRQ,2019,68.98994,14910.225,41192172,36.41617,8.27,0.391,Asia,69.86834,71.2452,9.609802498188182,17.533758796267467,3.5950129067706493
Ireland,IRL,2019,257.65277,96371.29,4933493,141.34389,13.74,0.892,Europe,63.2737,82.4108,11.47596361466422,15.411557814407368,4.951195857170662
Israel,ISR,2019,56.325348,44580.81,8657466,42.248512,12.04,0.714,Asia,91.6154,82.9048,10.705058776357568,15.973932628020277,3.7435691342480704
Italy,ITA,2019,58.69419,49690.63,60130136,65.8622,11.51,0.86,Europe,69.505005,83.3423,10.813571663123358,17.912021704779367,4.187564680581018
Japan,JPN,2019,35.21642,44730.91,126699421,48.807823,12.83,0.838,Asia,91.71642,84.4177,10.708420040507901,18.657328075430886,3.887890607388296
Jordan,JOR,2019,85.687836,9288.527,10671893,18.61745,10.81,0.261,Asia,91.51597,76.8645,9.136535261647495,16.183124020850396,2.924099312953831
Kazakhstan,KAZ,2019,64.85862,33298.21,19209556,34.4494,11.79,0.236,Asia,59.08325,73.6581,10.413258920769996,16.77091842151563,3.539491580762279
Kenya,KEN,2019,31.759462,5171.7124,51202829,7.109526,6.73,0.497,Africa,31.189556,62.9391,8.55095913123038,17.751305342389546,1.9614355749261618
Kiribati,KIR,2019,98.31404,2927.4846,123928,NA,NA,NA,NA,56.28467,65.8663,7.981898834996891,11.727456030786199,NA
Kuwait,KWT,2019,91.685715,51380.645,4442201,45.809654,6.62,0.324,Asia,100,80.0223,10.84701682410785,15.306660532300203,3.824494854934087
Kyrgyzstan,KGZ,2019,94.43028,6087.602,6494036,8.824071,11.18,0.446,Asia,34.88052,70.8907,8.714009522897289,15.686394775208251,2.1774833281563644
Latvia,LVA,2019,125.29163,35208.195,1914267,40.054237,11.96,0.835,Europe,68.06632,75.6278,10.469034146989564,14.464845339698638,3.69023446067776
Lebanon,LBN,2019,62.980915,15659.566,5794601,32.321648,NA,0.427,Asia,89.49867,78.2079,9.65883725523994,15.572437179926533,3.475737222451954
Lesotho,LSO,2019,140.51663,2773.2864,2209414,NA,6.88,0.627,Africa,38.60409,55.2493,7.927788321927024,14.608237879962198,NA
Libya,LBY,2019,78.99397,14337.196,6951040,NA,9.57,0.265,Africa,87.822014,72.9412,9.570612558074213,15.754401846633753,NA
Lithuania,LTU,2019,148.375,43062.324,2795057,45.11943,12.5,0.818,Europe,67.245735,76.4245,10.670403740664934,14.84336305792332,3.8093129741312834
Luxembourg,LUX,2019,382.66077,132724.75,620167,89.14583,11.53,0.876,Europe,93.25899,81.5879,11.796032713856201,13.337744075590482,4.490273568117011
Macao,MAC,2019,115.2313,133453.89,670982,NA,10.97,NA,NA,100,83.2927,11.801511303902025,13.416497589960622,NA
Madagascar,MDG,2019,62.601322,1707.8315,28219559,1.8394303,NA,0.494,Africa,30.304697,63.5039,7.442979716086164,17.155525877052096,0.6094559041136433
Malawi,MWI,2019,44.195454,1687.2894,19025748,3.2968793,5.41,0.476,Africa,16.138374,64.995,7.430878614958517,16.76130377762771,1.1929763543809468
Malaysia,MYS,2019,123.028564,31300.508,33440590,27.1924,11.96,0.472,Asia,74.83777,75.9005,10.351389606428487,17.3252809895658,3.302937522494506
Maldives,MDV,2019,137.12523,21855.502,487737,NA,8.06,0.568,Asia,40.04928,79.7071,9.9922079766058,13.097531605131698,NA
Mali,MLI,2019,53.998714,2916.1716,21068405,3.9627812,3.55,0.51,Africa,28.352072,59.2173,7.978026939133715,16.863285082867517,1.3769461019851656
Malta,MLT,2019,233.07043,50801.957,504017,42.67168,12.09,0.771,Europe,94.933205,82.8387,10.835690156446605,13.130365276643387,3.753535468348923
Marshall Islands,MHL,2019,153.00774,6405.0757,44030,NA,NA,NA,NA,76.94227,66.0473,8.764846033152484,10.6926264987498,NA
Mauritania,MRT,2019,93.486694,6162.2104,4467714,NA,5.55,0.404,Africa,56.05962,67.6397,8.726190823331889,15.312387426379392,NA
Mauritius,MUS,2019,127.9409,26047.975,1286269,28.885317,10.4,0.697,Africa,39.25095,74.1811,10.16769530903522,14.067256337644231,3.363333403727276
Mexico,MEX,2019,77.461975,21704.186,125762978,28.918913,10.18,0.685,North America,78.35599,74.5302,9.985260424150923,18.64990956639025,3.364495810138809
Micronesia (country),FSM,2019,95.68528,3940.2644,110293,NA,NA,NA,NA,22.359245,66.1957,8.279003106639417,11.610895739945756,NA
Moldova,MDA,2019,87.63224,14621.24,3112561,21.638363,10.84,0.58,Europe,40.77229,70.181,9.59023054502863,14.950956417956629,3.0744678041668134
Mongolia,MNG,2019,124.396515,15790.696,3232118,NA,10,0.653,Asia,67.82773,70.6631,9.667176184808973,14.988648207857644,NA
Montenegro,MNE,2019,110.01612,23392.812,611671,NA,NA,0.461,Europe,65.16868,76.6392,10.060184074669332,13.323949835246268,NA
Morocco,MAR,2019,75.998116,8768.176,36210907,12.578258,6.83,0.258,Africa,61.843044,74.2446,9.078884081979037,17.404870929757312,2.5319697679160313
Mozambique,MOZ,2019,105.59117,1528.8899,29884378,2.8590019,4.22,0.394,Africa,33.417725,61.3059,7.332297195488106,17.212846426906946,1.0504725779079847
Namibia,NAM,2019,82.90115,10813.305,2650499,15.668636,6.88,0.648,Africa,48.00198,63.5463,9.28853259933586,14.790258482122622,2.751661007269758
Nauru,NRU,2019,155.9067,11183.096,11609,NA,NA,NA,NA,100,61.3931,9.322158631449895,9.359535938338036,NA
Nepal,NPL,2019,49.249527,4607.5244,28414066,NA,6.19,0.601,Asia,65.9874,69.2992,8.435445985243467,17.162394862210082,NA
Netherlands,NLD,2019,160.67667,67847.85,17537505,80.06904,11.82,0.861,Europe,93.8898,82.053,11.125022977214897,16.679852288496164,4.382889262503488
New Caledonia,NCL,2019,58.210365,NA,283616,NA,NA,NA,NA,67.15747,77.2623,NA,12.555376489538125,NA
New Zealand,NZL,2019,54.454296,47362.32,4989410,49.53717,10.81,0.886,Oceania,83.80496,81.8322,10.765582254844576,15.422828224264272,3.90272329687438
Nicaragua,NIC,2019,94.04221,6756.5938,6483660,NA,7.76,0.217,North America,58.540565,73.7637,8.818274166309324,15.684795723695421,NA
Niger,NER,2019,37.102566,1612.6373,22947765,1.8506708,3.04,0.528,Africa,16.813147,60.031,7.385626192331925,16.948731104107626,0.6155481679632945
North Macedonia,MKD,2019,138.57623,20711.266,1897643,22.610058,NA,0.606,Europe,60.628685,76.8346,9.938433082410217,14.456123147731166,3.118394851523209
Northern Mariana Islands,MNP,2019,104.74979,NA,48154,NA,NA,NA,NA,91.61629,77.8437,NA,10.782159487503774,NA
Norway,NOR,2019,70.89582,87725.73,5347733,119.48063,12.08,0.892,Europe,82.49359,82.9553,11.381970521875898,15.492183290751981,4.78315426618302
Oman,OMN,2019,86.4782,38292.387,4591248,27.405403,NA,0.175,Asia,79.578,79.9456,10.553006382564844,15.339662440504702,3.310740183735697
Pakistan,PAK,2019,28.905577,5295.953,230800908,8.802918,6.41,0.367,Asia,37.10916,66.7288,8.574698222955108,19.257066026732595,2.175083257429136
Palau,PLW,2019,115.461975,19519.018,17821,NA,NA,NA,NA,79.28038,68.9816,9.879144551324575,9.7881328161731,NA
Palestine,PSE,2019,68.99349,6269.891,4957773,NA,NA,NA,NA,85.813614,75.8114,8.743514249105841,15.416467205938567,NA
Panama,PAN,2019,80.42865,33163.727,4234698,NA,10.44,0.731,North America,65.75298,78.5145,10.409211997384594,15.258822573017902,NA
Paraguay,PRY,2019,71.22216,15321.324,6515059,17.024054,8.83,0.584,South America,64.98453,73.6681,9.637000862536834,15.689626824524636,2.8346272851466843
Peru,PER,2019,46.943504,15463.543,32449302,12.456921,9.96,0.802,South America,83.1033,76.2749,9.64624046794243,17.29518949086762,2.5222763720679997
Philippines,PHL,2019,68.84184,9452.294,110804685,11.624064,9.44,0.45,Asia,53.715786,69.6804,9.154012742351204,18.523279614777042,2.4530774321027904
Poland,POL,2019,101.58103,38181.62,38225884,45.805286,12.01,0.681,Europe,59.96262,77.9213,10.55010952697152,17.459023435738285,3.82439949930752
Portugal,PRT,2019,86.77099,40188.285,10343218,41.922718,9.56,0.885,Europe,61.114925,81.9587,10.601330814226214,16.15184159719477,3.735827875697168
Puerto Rico,PRI,2019,107.57146,41656.33,3288027,NA,NA,NA,NA,93.95199,81.4383,10.637208616839395,15.005798246803325,NA
Qatar,QAT,2019,90.046295,113160.836,2797927,68.41585,8.52,0.04,Asia,99.11917,82.9454,11.636565413157744,14.844389343802881,4.2256045229305785
Romania,ROU,2019,84.906364,34634.26,19501542,39.57182,11.28,0.748,Europe,52.893185,75.3288,10.452598644557892,16.786004097330636,3.6781172487798535
Russia,RUS,2019,49.228752,37319.32,146533063,33.838017,11.6,0.263,Europe,74.622284,73.0658,10.527266434002138,18.802761646964967,3.521584933730237
Rwanda,RWA,2019,57.975662,2667.4646,12776102,3.8597088,5.24,0.228,Africa,22.971102,66.6905,7.888883712234992,16.36308695256459,1.3505917402164604
Samoa,WSM,2019,83.331085,7033.521,209794,NA,NA,NA,NA,18.414734,70.2695,8.858442712904532,12.25388137586999,NA
San Marino,SMR,2019,307.26477,60171.047,34674,NA,NA,NA,NA,97.1,85.2565,11.00494656876103,10.453745405545833,NA
Saudi Arabia,SAU,2019,56.79382,62647.73,30472809,78.564186,9.86,0.015,Asia,83.639465,78.3132,11.045282726627079,17.23234533575114,4.363915946740716
Senegal,SEN,2019,64.23625,4070.6123,16352926,3.934793,4.4,0.7,Africa,49.944332,67.668,8.31154870938178,16.60991739954071,1.3698582756572215
Serbia,SRB,2019,107.57731,20496.438,6966155,23.732199,11.72,0.363,Europe,61.049225,76.0585,9.928006393931598,15.75657398059364,3.1668327336637856
Seychelles,SYC,2019,173.40785,34346.07,117662,NA,NA,0.614,Africa,44.00493,72.1226,10.444242880624767,11.675571386404187,NA
Sierra Leone,SLE,2019,37.561954,2852.6626,7731994,NA,4.99,0.544,Africa,42.701843,59.5935,7.956008082740915,15.860877343314197,NA
Singapore,SGP,2019,324.395,120114.13,5669562,62.331562,13.06,0.405,Asia,100,83.6622,11.69619765310433,15.550622424042853,4.132467910670404
Slovakia,SVK,2019,183.72261,37209.535,5450627,36.973423,13.14,0.844,Europe,53.366657,77.6863,10.524320324621897,15.511241205893718,3.6101993572478213
Slovenia,SVN,2019,160.04428,44569.586,2083438,49.558193,12.06,0.812,Europe,55.452328,81.007,10.704806977138206,14.549529971782489,3.9031475952407
Solomon Islands,SLB,2019,82.998566,2661.6167,728156,NA,NA,0.63,Oceania,27.275106,69.9807,7.886688999105983,13.498270589937205,NA
Somalia,SOM,2019,70.29806,1491.2949,16030969,NA,NA,0.151,Africa,51.642117,57.2494,7.307400081927846,16.59003297191659,NA
South Africa,ZAF,2019,53.897995,14352.67,59587880,20.568027,10.47,0.721,Africa,63.412727,66.0711,9.571691266598016,17.902962755651306,3.023737782681513
South Korea,KOR,2019,71.44706,49790.867,51767844,49.544704,13.68,0.852,Asia,81.29011,83.6846,10.81558685261979,17.7622797422701,3.9028753731262786
Spain,ESP,2019,66.36623,46896.418,47435121,62.680885,11.51,0.872,Europe,79.63498,83.4794,10.755696576251108,17.67487346166493,4.138056536724455
Sri Lanka,LKA,2019,49.425526,14637.444,22410552,19.115978,10.33,0.558,Asia,19.494633,76.698,9.591338182108732,16.925042477334525,2.950524529846867
Sudan,SDN,2019,26.119621,3625.5232,45548179,9.076358,4.38,0.199,Africa,34.472767,65.8032,8.195753887908536,17.634281202824994,2.2056730108289644
Sweden,SWE,2019,92.75114,61601.63,10279120,80.12736,11.93,0.902,Europe,87.70884,83.0518,11.028443610210484,16.1456252112143,4.383617368785234
Switzerland,CHE,2019,124.12761,79596.7,8577525,93.04306,12.97,0.906,Europe,80.77929,83.7804,11.284727913686664,15.964655968312652,4.533062396749541
Syria,SYR,2019,41.99947,4825.4062,20353536,12.47723,7.92,0.137,Asia,73.82488,70.9701,8.481650196758096,16.828765213972254,2.5239053831773917
Tajikistan,TJK,2019,56.045017,3649.8838,9529970,7.820909,10.12,0.166,Asia,26.130074,70.962,8.202450610453335,16.0699521276716,2.056800788211034
Tanzania,TZA,2019,33.01859,3484.6326,59174889,3.7469046,6.87,0.385,Africa,33.347527,66.0068,8.156117894394736,17.89600783757042,1.320930059119135
Thailand,THA,2019,109.689514,21277.84,71522264,17.634335,9.32,0.206,Asia,55.926617,77.1967,9.965421434544327,18.085519343809494,2.86984785387579
Togo,TGO,2019,56.342175,2577.516,8463070,NA,7.68,0.399,Africa,41.445732,61.0554,7.854581423437319,15.95122254991663,NA
Tonga,TON,2019,88.04539,6858.839,105688,NA,11.42,NA,NA,22.328815,72.292,8.833293464414384,11.56824663655819,NA
Tunisia,TUN,2019,102.33261,13243.902,11875084,18.072878,9.29,0.721,Africa,68.82064,75.5992,9.491292499062594,16.28995298154417,2.8944123614295667
Turkey,TUR,2019,62.57846,28741.053,85357670,49.21171,8.49,0.293,Asia,88.66181,77.737,10.266081797792728,18.262360868427773,3.896131603308902
Turkmenistan,TKM,2019,44.28576,15231.306,6803943,18.085407,NA,0.149,Asia,47.049458,69.4046,9.631108194018378,15.733012855037755,2.895105369989095
Uganda,UGA,2019,39.361053,2689.4102,42999636,4.8846607,6.69,0.3,Africa,27.836979,66.3537,7.897077192050086,17.57670220850573,1.586099825559431
Ukraine,UKR,2019,90.51124,17636.555,44957451,18.405897,10.82,0.525,Europe,69.35277,73.9199,9.777729015703692,17.621227067102637,2.9126711023997034
United Arab Emirates,ARE,2019,163.82216,72822.97,9377855,47.47686,9.57,0.103,Asia,85.02982,82.5961,11.195786706396207,16.053861616793217,3.8602424344458997
United Kingdom,GBR,2019,65.00356,52515.684,67110958,66.17737,12.9,0.855,Europe,82.669945,81.4426,10.868867146822096,18.021857897103313,4.1923385616010576
United States,USA,2019,26.45376,69112.6,337790069,77.74209,13.32,0.812,North America,80.13048,78.916,11.143492337561401,19.63793516285312,4.353396809549446
United States Virgin Islands,VIR,2019,155.42345,45632.637,89390,NA,NA,NA,NA,95.08575,74.8761,10.728378463178638,11.400764098081899,NA
Uruguay,URY,2019,49.744835,30010.574,3397206,38.193,8.76,0.898,South America,95.34793,77.5028,10.309305065209175,15.038463887046799,3.642652252747618
Uzbekistan,UZB,2019,64.96392,8755.126,32964700,9.942096,NA,0.202,Asia,50.59201,72.0934,9.077394636392519,17.310947849926926,2.2967778636306897
Vanuatu,VUT,2019,99.382965,3512.072,291995,NA,NA,0.772,Oceania,23.502466,70.7834,8.163961455683815,12.584491957816143,NA
Venezuela,VEN,2019,58.12929,NA,28938096,NA,9.33,0.208,South America,89.10301,72.7664,NA,17.18066948571094,NA
Vietnam,VNM,2019,164.70421,11628.614,97173778,9.733969,8.35,0.214,Asia,34.623913,74.2113,9.361224063862277,18.392011459372657,2.2756217266928154
Zambia,ZMB,2019,68.79121,3591.5642,18513839,5.590863,8.37,0.36,Africa,43.489788,62.9145,8.186343096894559,16.73402906444963,1.7211336580776815
Zimbabwe,ZWE,2019,46.106544,4993.8438,15271377,4.4940133,8.32,0.292,Africa,36.183765,61.0603,8.515961192817526,16.54149084994642,1.5027461332603156
